,0,1,2,3
0,label,0,human-generated,sprspprpsrprppsrpsprpsrpsprrppsrprrpprprsprspspspspspsprpsprpsrprsprspsrprspsrpsrprsprppsrprspsrprprsprsprspsrprsprspsrprsprspsrpsprpsrrpsprpsprpsrpsprpsrprpsprpsrpprsprsprsprsprsprsprsprsprsprsprsprsprsprspsrpsprpsrsprprspssprsrsprrrpsrprsprsprsprsprsprsprspprspsrprprprprprrpprprprprsssssssssssssss
1,label,1,machine-generated,rssssppssspppprssppppssprsppsssssssrrrrprrpppppsrsspsrrsppsprsprrpsrrsprpssrsprppsrrrspsrppsrsspprrpsrsspsppssprsrssrpsspsrsrsrpsprpspsrprrrprsprrsrssprpprrprprssprpspssrrrpppsrspssrpprprrpsprssrpsprssssrsrpspspsrpsprpsrrrpssprpprpspssrpprrsprspssrrspspsprrrssrpspsppsrsssppprsrrrsppprppsssssrpspppss
2,label,2,machine-generated,rprssspprpsspppsrrpprprpsrpppsssrrrrrpspprsppprssrpprpprsrpspsrppsspprprpspprppssrpprsspsprpsrppsssrsrssrsspspsrprrrsssppppprrssrsrrsrrrsprrpspppssrpsrrrpprprrspprpprrrrrrsrrrrsrspppssprsspprrpprrspsrrssrpprrpprppspssssrspsrssrsrppprrrsrssprpprrrsppprsrrssrpppppprsprprpsrrpsrprsrpspsrprrrrssssrrprpp
3,label,3,machine-generated,psrrpsrprrrpprssssrrspprssssssrrspprrrsrssssssprrssssppsrrprsprpspspsrrsprrprrssrsssssrpsprrrsrrprpspprrssssrrpprprppprrsssrsprpsrspppprsrsrrsprsrsrpppprprspprpsppspsprprrsspsprrrppsrsrrrsrprpppprsppsppsrsppprpppsrsrppprpspsssrrprrpppprrrrrrsprrrspppssprsprrrpsssrrrssrrsprsrpspspssrrspsspssprrsrrsrp
4,label,4,machine-generated,ppspprpsrsrsrprrrspsppsrsssspsprrpsppprsppssspsrpssrprrrrssssppsprsrssrssspsppsssrssspppsrsrpspprspsrspsrrsrppsrrrrpppsrrrprpprpsrrrrprpsrrpsrssspsrprprssprsssprrssrpprrsrpspprprpspsspsprprpprrrsssprrpsrrsppppprpsppsssrprrppsspsspsppsrrspsprpprrpssprpssssrpprrppspprpsspsspspprssrsppprsrprprrrrpsssss
5,label,5,machine-generated,pprsrrrsspsprpssrpspsssrsssrrpppprpssrpssppprrpsrppsrppsprrspprsrsrpsrspprrrprsrrpssrprsrrpspsprpprssrpsrpspprrspppppsrpspsppssrsrsrsrrppprpsrpspspssssprrpsssssrsrrsssssrpsrspprssrrppspssrsrspspsspssppprrrsrrrsprrpspprssrrpssrrpsrsrspspsrpssrrpprsrpppsppppsprpsrpsspsspprsprppsrrrpsppspsrrrpprsprrrsp
6,label,6,human-generated,psprpsprpsprpsrpprpsrppsrspspsprpsprspsrprpsrprspsprprrspsprprssrpsrprpspsrpprspspspsppsrpsprspprpspspprpsrpsprpsrpspprsprsrprpsppsprprrspsrpsrprsprprpspprprspsprppsppsprsprprprpspsppsrpsrprspsrpsrprspprprsppsrprspsprrpsprspsprpsprpsrpspsprpsrprsprspsrprsprpsrprpsprsprprsprsprspprspprsprspsprsprsprs
7,label,7,machine-generated,ssrsssrrssrsrsrpsrppspssspprssrrrspprppprpsspsprsrprppsssrrsprprrprppsssrrprspprrsssrrsrpprprrpppppppppprrrsssprprsrpprpppsrpsrpprsprprsprpppprrsrssrsrrprrrppprprssprssppppprsrrssrprsrssrrppprsspprpspppppspsppsrpprprssrprprsrrrpprsrspsprspsspprpppsrsprrsspsspsssprpsrpsrpppprsrrrpsrprpprspprprrsprspr
8,label,8,human-generated,srprpsrpsrpsrpsrpsprpsrpsprpsrpspppssrrrpsppsrppsprrrspsprprprpspspsprrrpsprprprpsrprpprprsprpsrprpprsprpsrprpsprpsrpsprpsrpsprpsrpspspspspspsprprprpsprprprprprprprpsprprpsrprprpsprsprpsrppsrprprprprprpprprpsprpsprpsprpsrpsprprprprpsrsrprpsprpsrpsprprsprpsprsrprprprpsrpsprpsprsrpsppssprrrpsrsrprpsrp
9,label,9,human-generated,rsprpsprsprpsprpsrpsprpsrpsprsprpsprpsrpsprpsrpsprpsrpsprpsprpsrpsprpsprsprpsprpsrpsrsrsrsrpsrppsrpsprpsrpsrprsprpsrpsprpsprppprprpprpsrpsprpsprpsprpsprsprpsprpsprsprpsprpsprpsrpsprpsprpsrpsprpsprpsprsprpsprpsprsprpsprpsrpsprpsprpsrppsrpsprpsprpsprpsprpsrpsprpsprpsrppsprpsrpsprpsprpsrsprpsprpsprpspr
10,label,10,machine-generated,ssssssssssssssssssssssssssssssssssssppppppppppppppppppppppppppppppppppppppppppppppppppppppppprrrrrrrrrrrrrrrrrrrrrrrrrrrrrrrrrrrrrrrrrrrrrrrrrrrrrrprprprprprprprprprprpspspspspspspspspspspspspspspsprrrrrrrrrrrrrrrrrrrrrrrrrrrrrrrrrrrrrrrrrrrrrrrrrrrrrrrrrrrrrrrrrrrrrrrrrrrrrppppppppppppppppppppppppp
11,label,11,machine-generated,prpppspppsrpsppsrspssrrrssprrsrrprrpsprrrrrrsrrpspsrpppsrppprssspsrpssrspsrspsrrsrrrpppssspsrprrrpprssspssrppsppspspssprrsrpppsprrprrssprpprrrrssspssppprsprrrssprprsrpssrprprrrpsrspspssrsssspspsrsrrssrpprrpsssprsprrspprpspspppsssrpsrsrsrrpspspsrsspppprrpspprpspsprspppppssrprrrrssspprppsspsrsrspssspp
12,label,12,machine-generated,prrrprprpppssrpsppsrrrsppsprpssrsprppssrsppsrssrsrsssspsrssspsrsrsrrsrpprrssrprrppspssppsppsrrppprprsrppprppssrrprsrsrsspprsrpprppsspprrsprpsssrrrprsssrsrrsppspsrprrsrrppssprppssssrspssrpsrpsrpssspprrrssrppprpsssssppssprspsssrsrrpsrpsrprssprpppsssppppsprsprsrrrrprrprspsprsrrrssprssspppprpsprrsprprpr
13,label,13,human-generated,srpsprpsrpsprpsrpsprsprpsrpsprpsrpsprpsrpsrpsprsprpsrpsrpsprpsrpsrpsprsprpsrpsrpsprpsrpsprsprspprsrpsprsppsrpsrpsprpsrpsrpsprsprpsrpspsrpsprsprpsrpsprsprpsrpsprsprsprpsrpsprsprprsprspsprsprpspsrpsprpsrpsprsprsprpsrpsprpsrprsprspspprsprsprsprsprsppsrprsprspsrprsprprpspsrprspsrprsprsprspsrpprspsrprspr
14,label,14,human-generated,rsssprrrrpssprssprrpsrrpppsrppppsrrrrrpppsrrrpppsrrrrpssssrprprprprprspspspsrpsrrpsrpsrpsrpsrpsrpsprsprsprsprsprpsrsprsprsprpppprrrssspsprprpppprssprsprrsssprrrrpssprssprrpsrrpppsrppppsrrrrrpppsrrrpppsrrrrpssssrprprprprprspspspsrpsrrpsrpsrpsrpsrpsrpsprsprsprsprsprpsrsprsprsprpppprrrssspsprprpppprssp
15,label,15,human-generated,pspsppprprppssssssppppprrrrrspsrpsrpsprspspsrpsprpsprpppppprrssrrsrsrsrpsprprpprprprprpspspspspspspsssrrsrsrsrprprprsprsprspsrpsprpsrppppprrrrrssssssprsprpsprpsprsprpsprsprpsrpsprsprssrspsprsprppprprprprpspspspspsrpsprpsprsprpsrpsprsppprpsprsrpsprprspspsrspsrpsrpsppspspsppprprppssssssppppprrrrrspsrp
16,label,16,human-generated,ppsrppspprpspprpspprppsprpsrpsrsprpsprsprsppsrpsrpspprpspppppsrpsrppsprpsrspsprspprsprpsprspprsrpsprpsprppsrpsprsprpsprpsprprspsprpsrpsprspprspsrprpsrprpspppsprppsppsprpspsprpprpsprpsrpspprspsprpsprsprpsprspprspsprpsppsrpspprpspsprspprpsprsprpspsprsprpsprsprpsprpsprsrppsrpsprsprpsprpspsprpssprpssprp
17,label,17,machine-generated,ppsprpsrrsssrppppsrsrrrrpprrpsprrssprrrpssppppprsssprppsrpppspsrrprprrsppprsrpspsprrppssrspspsrrppprrprppprprspprsprrrsrpsrssrsssrpspssppssrrppppssrprspprppsprprppsrpspspppppssprspsspsprpppppppssrrrsrrrprsrpspprsrsprpprspsspssrrpssrrrrprrrpsrrpsprsrprpssrprpsrsspspsppprssppppsspspprsspprsrspprpprprp
18,label,18,human-generated,pprsprpspprsprpspprprpsprpsprspsprspspprspprrpprpprsprpprsrpsprpsprpsprsprsrprspsprpsrprprpsprpsprsprpsprsprpsprpsrpprsprpsprpsprpsprpsrpsrpsprpsprsprsprpsprpsprpspsrpsrpprsprpsrpsprprprsprpsprpsprsprprppsprpspspsprrsppsrrpprprsrppprpsrppsrprsprprprprprspprrprpprrpsrppsprsprprspsrpsrppsrprpsrpsrpsrp
19,label,19,human-generated,rsprrpsprpsrpsrpsrpsrpsrpsrspprsprrpsrpsrpsrpspsrsprsprpsprspppspspspspspsprrprprprprprppspspspspspsprprprprprpspspspsspspsssssspsprprpsrpsprpsrpsrprpsrpsrpsprsprpsprsprpsrpsrpsrpsrpsprpsrpsppsrpsrpsprsprsprpsrprspspsrpsrprspsrpsrpsrpsrpspsrpsrpsrpsprsprsrpsprsrpsrpsprsrpsrpsrprpspsrpsrpspsrprspsrpr
20,label,20,machine-generated,psrprsrspsrprrsrpprrpprsprsssrspspsrsrsprrsppsrssrprsppssspsrsrssrspssspsspspppprrrrpspsrrpssrsprrppppprpspsrrsrsrsprpssrprsppspprsspsrsprprsrrrprsprrsppssprsrrrprpsrppssppprrrrrsrrprrpppppprprrsrprssrrssrppsrrsprrrrsrpsrsspsrppsrrsrrrssprsspppppspprrspprpssrrpprpsprrrpssprrrspprppppssrprrsssppsrspp
21,label,21,human-generated,sprsprpsrpsrpsprpsrpsrpsrpsrpsrpsrpsprsprpsrpsrpsrpsprsprpsrpsrpsrpsprsprpsrpsrpsrpsrpsprpsrpsrpsrpsprpsrpsrpsrpsrpsprsprsprsprpsrpsrpsprsprsprsppsrpsrpsrpsprsprpsrpsrpsrpsrpsprsprpsrpsrpsprsprsprpsrpsrpsprsprpsprsprpsrpsrprpspspsprsprpsrpsrpsprsprpsrpsprsprsprsrpsprsprsprsprsprpsprsprpsrppsrpsrpsrp
22,label,22,machine-generated,rrsppsppspssspprspsrrspsppprsrrprrpspssprpprrpprrsrsppprssspprpsrrrrprsppprrrprrsspprrsppspsrsrppssrpsrsprrspsssspppsppsrrsrpsprrprrsssppspprpspspsssprpsrspprprrrsrssssppspsssrspspsrsrrssrrsrpspssprpssrrppprrrrrsrrrprpsrrrrpsprpprsprsrrpssprspprssppsppsrpsrrpssssrpprsprrsrrsrsspssrsprrsspppsrpsrsrpp
23,label,23,machine-generated,psrssrsrrrsrssssspprsssrsppsrssrpsssssrsrprrpspppssprrrssssrrpppsssrsrrrsrssssrssrrrppppsrrssppsspsrsprsssprppsrspsrpprpssrpsppspprrpppprrsrprrssspprssrpsrrspsppssrsrrpppppspssssprrppprsrrssrrsppsspsssprsppsprrprrssrsrprrssrssrpssprrppprsssrrrprpssrrsssrrssrrsrpsprppprrrrsspsrprrsrssppprsrprprrsprpp
24,label,24,human-generated,sprsrpsrpsrsprsprsprsrpsrpsrpsrpsrpsrpsrpsrpsrsprsprsprrprprprpspspsprsrpsrpsrpsrpsrpsrprrprprpsprsprsrpsrpsrpsrpsrpsrpsrsprpssprprprprrpsprsprsprsprsprsprsprsprprprprrpsprssrsrsrpsrpsrpsrpsrpsprsprsprsprsprsprsprprprsprpsrsprpspsspsprprprprrprpspsrpsrpprsprsprsprsprpsrpsrpsrpsrsprprrprprpsprsprsprs
25,label,25,human-generated,sprpsrpsprpsrpsprpsrppsrpsprpsprpsrppsrpsprpsprpprpprprprprprpprspsppspspsprpprprprpprrpspspspsppsprprprprprpsrpsprpsrpsprpsrpsprpsrpsprpsrppsrpsprpsrpsprpsprsprspsprpsprpsrppsrpsprpsprpsprpsprpsprpsprpsprpsprprprprppspspsppspsprppppprrrrssssspprprpprsprspspsppspsrppsrpsprpsrprpsrpsprpsrpsrpsprpsrps
26,label,26,human-generated,srrsrsrsrsrrsrsrsrsrrsrsrsrsrrsrsrsrsrssspsppspspsppssrsrrsspspspspssrrsrsrsrrssrsrspspspspspspssrsrsrsrsrsrsrrsrsrsrsrsrsrrssspppppprprprprpprprprprprprprprprprprprprprpppspsppspspsppspssppspspspspprprpprprprrrsrrsrsrsrrsrsrsrsrsrrsrrsrsrssppssrrsrsrrsrssrsrsrsrrsrrsrsrsrsrrsrsrsrsrrsrsrsrsrrsrsrsr
27,label,27,machine-generated,pssrprsrrspsrprspsspssprpprprppsspprsrsrrpprssrrrrssprrpprrspprprsrppprssrrsprsrrrppprsppsrssrspspsppprprsrrsrpsrsrrsrrrpssppsprsspsspssprprrrpsspppppsrrrprrppspprrpprppspsrprrrpsrrpsspprssrssprpppssrrrssrppsrsprpsrrrrspsrrsprspprppsppprrrsrprrssssprrppssrrrspprppsssrrsrprrpprrssrrrpsprrrrrprprpsrpr
28,label,28,human-generated,psprprpspspsprprprpspspsprprprprrpprrprsssspspspsrprprpsprprpsrpsrprpsrpspsrprprpsrprsprsrpsrpsprspsrprprsprspspspsprprpsprpsrpsprsprpspspsprprprpsprpsrprpspsrpprrrrrpsprpsrpsrpspsprpsrprpsrpsrpsrpsprprsprrpprprprpsrpsrpsprpspsrpsrprppsprsprpsprrrrrrrrrrrrrrrrrrrrrrrsrpsrsrpsrpsprrrpspsprppsprprpsps
29,label,29,human-generated,psprpsprpsprpsprpsspsppsprsspspspsprssppprrrrrrrpspspspsppsprpspspsprsprsprspspspsprsprsprsprsppspsrrrprprrppsrpsrsprrrpsrpsprpsprsrpsprpssrpsprspsrpsprpsrpsrppspsprrprppspspsrpppsssppspspspsprpspspprpsprpsprpsprpsprpsspsppsprsspspspsprssppprrrrrrrpspspspsppsprpspspsprsprsprspspspsprsprsprsprsppspsr
30,label,30,human-generated,rpssrssppssprsrrprsrppppsrpppsssrpsrssrrsppsspssrpsrspspspsrpssrrprsrrprrprrprrspssprspsssrrssssrsrppprrrrsppprrssrprrpspsssrrrrpssrppprrsssprsssrspsssrssspsprpsrpsprprssrrrrrspsrpsrspssrprrpsrrpprprsrssrpspppsspsprprsrpprssrsrsssrsrspsrsrsprppppsrrsrrsrpspsrrrsrprprspsprspsrspspssrppssprrrsrpprsrsp
31,label,31,machine-generated,rprpprssprspssprrrprpsrpspsprsrppsrsssprspprrrsrsrrrrprsspssspspsprrprprssprpspppprspsppsrrppprpssrsprprspsppsrrsrrprrppprppprspsrssrsppppspprrssprrrppsrrpprrsssprppprrrpsspssrpsprprprsrppsrrrsrpsssrpsrrrsssrrsspprprsrpsrppsrpsrrrrpspssrssrrrspssssrsppspprpsrrpppsssprrpsspprrspppssrprssrspsssrprrpsp
32,label,32,human-generated,prpsprpsrpsprpsprpsprpsrsprpsprsprpsprsprpsprsprpsrpsprsprpsprpsprpsrpsprpsprpsprpsprsprpsprpsprpsprpsrpprsprpsprpsprsprpsprpsprsprpsprpprpsprsprpprpprpsprpsrpsprpsprsprpsrprpsprpsprpsrpsprpsprppsprpprspspsrprpspprpsprpsprspprsprpsprppsrprpsprprpsprpsprpsrpsrprprpsprpsprprsprpspprspprpsrpspprpspsprp
33,label,33,machine-generated,psprsrppprrsssrprrrprpppssprpprsrrsrsrpprrppssprrrspsprrrppppspsrrpsrrrrrrpprrrpppprrssrrpssspprrpssrrppsssspsrrprrpsrrrprrrssprrsspprppspprspprsppspsrsssrrspprsrrsrsspsrsrpsprprsrrpsspspsrppsrrrsspsssprprppssspppsrpsspprrprppspprsrppprspsrpsspssrsrrssrsrrrppprrpsrsrrppsssrrssrssppsrspsprrprrprrprss
34,label,34,machine-generated,rppsspppssprprprpsrrpssrpsprspppsrppssrssrppsrsrrsrrprrpprrppppprrppspsrrpprsprrrsppsrrrsprsrprsprrpprrrsspppsrssrsrsrrsppprspspprppppppppspsrrsrsrspspssrsrrsprppssprrssprrpprpssspppsspsrrrppssprppppspsprspsprpprprrspsssrpprrprsrsprssrsrpprrspprspspprrpprsspprsssrpssprspprspsrsrrssrsprrsssssspsspsss
35,label,35,human-generated,prpspppspprrsprsrpsrpppsrprsrpsrpppssssssssprprsrrpsrprprprsrrprsssprsrrsppssrppspssrpppppspsrsspsssrprprsrpsrpsrsssprrprrppspprpsrppssspssppprpspsssssrprprsssrsprrsrsprprspssrprsssprsrrsrsssrpsrrprrppssrprprpsrpppprrprsprssppprpsrsssrsprsprssrsrprrrrpspsssrssrprrspsrpsssrrsrpprspsssrsrsrrsrsrpprppr
36,label,36,human-generated,srpsprsprpsprsprpsprsprpsrpsprpsrpsprsprpsrpsprpsrpsprpsrpsprsprpsrpsprpsrpsprsprpsrpsprpsprsprpsprsprpsprsprpsrpsprpsrpsprpsrpsprsprpsprsprpsprsprpsprpsprsprpsprpsrpsprpsrpsprpsprpsprsprpsprpsrpsprpsrpsprpsprsprpsprpsrpsprsprpsprpsprpsrpsprpsprpsrpsprpsrpsprpsrpsrpsprpsrpprpsprsprpsrpsprsprpsprpspr
37,label,37,machine-generated,pspspsspsprprprrprprpspsspssspprrprpprprprprrrrrrpsspssssssssssssssssprrppppppppppppppppprprpspsprpsrpsprpsrpsrpsrsssssssssssrsrsrsrsrrrrrrrrrrrrrrrrrpsspsppssssssppppppppprprpsppspsrpprpsrpsspspssssrsrssrsrpprrrpprrrrprppppprprprsssprprprprpsrrspsrpsrpsrsrsrsrsrspspspspsspsprprprrprprpspsspssspprrp
38,label,38,machine-generated,prrppspssrsprpprpsprprssssprrrsrprpppspspsrssrprsssrprpsspspsprrrrppprrpssspsprsrspsppprssssssprrpprrrpsprprppsrrspsppsrpsppsrpsrpppsssssrprrsrsprsrssrrrprpssprpsssppsprprssrsrprrrrpsssrrrrpsprsrspprpssspssprrrrppssrrsrsrrsrrspprsrpppsprrrsprrpsrsrpsrsppsprrspspppprpppsrpsprspppprpprppppssppsspppppr
39,label,39,human-generated,sprpsrpsrsrprpsprpsrpsprpsrprpsprpsrprsrprprpsrsrsrpsspspsprprsprrprpspsprsrsrsrpsprsprsprpsrpprprprpppspprprspsrsrspspspsprprrsprprrprsprrrrprrsprprpsprprpprpsrppsrpsprpsrpsprpsprpsrpsprpsprppsrpsprpsprprpsprprppsprppsrppsprpspsprpsprpsprprsrsrpsrspsprsrsprpsrspsprpsrpsrsrprpsprpsrpsprpsrprpsprpsrp
40,label,40,machine-generated,rrrrrrsppppppppppppppppssssssssssssssrppppppppppppppppppppppppppppppppppppppppppppppppppppppppppppsssssssssssssssssssssssssssssssssssssssssssssssssssssssssssssssssssssssssssrrrrrrrrrrrrrprprprprprpprpprprprpprprprprprprppsssspsspspspspspspspppspppsppspprpprprrrrrrrrsrrsrsrsrsrrsrsrsrsrrsrsrrsrsrsrrs
41,label,41,machine-generated,pprspssrrsssprsrrprspssrprsprppsrsprrppppppspspssrrrprpsrrppsrrssrrrrprpsrpprssrsrpspsrrprspspsspspsppprrppsrprpssrpsppppsrrprsppppppsppssprsspsrrsrprprsrssprssprsssrprsrppsrrrrssrrpsprrprsspppsrpprsrsppsprspsrrrpsprrrrprsprprpssprssrprprsssssrrppsrrrpssssrsssppsrsrpsppprrsspsrsssrsrsrssrssrrrpprsrp
42,label,42,machine-generated,rpssssrprrssrrrrsppprspppprrrrrprsprsrrrsppsrprsrppppprspsrrrpprrrprsrsspprppprspsppsrrsppppssrppspprsrpspsrrsrrpppspprpsppsrppsspsrsrsrspsrpspspsprprspsspsrssssprsssprpsrprppprrrpprpssssssrprrppsrrprspspspprspsrpssrsrrrrrrrprpsspsrrrssrsprrsprpsrpssrssrrsprsspppssprrrrssprsssrrprprsprppsssssrssrrps
43,label,43,human-generated,rspsrpsrpsrpsrpsrpsrpsrpsrsprsprsprpsrpsrpsrsprsprpsrpsrspsprsrpsrpsrpsrpsrpspsrpsrpsrpsrpsrpsrsprpsrpsrpsrsrpsrpsrsrpsssssssprrpsrpsrspssspsspspsspspssprrprprrprpsprspspssssssprrpsprpssrprpssprpspsrpsrpsrpsrprppppprprspspsrpsprsprpsrpsrpsrpsrpsrpsrpsprsrprspspsrpsrpsrpprsrpsprpsrpsrprspsrpsrpsrpsrp
44,label,44,machine-generated,rrprpsspsssrsrrsrssssspsspsprsrprsrpsrrssprsrspprsrrrrspsspspppssprspsssrsspprpssrsppprsrsrrprprssrrrsrssprspppprssprpppprspppsssrrpssprrrprrrrsprssrsssrspprpppprsrpprrspsprrsprrpprssrprrrsrsspppsprrpprpsrrssrprsrprspspppprsrrppprpssssssssspspppsprsrrprrpsprssprrpsssssprrpspssprrsssrprsprsrrpsprprsp
45,label,45,machine-generated,spssrrrpppppsppsrprrssssspsrrrrpsspsrspsprrssssrprrsrrrrpsrrrprsrprppppprrsspsprrsrrpprspppspsprspspprsrrrpprrrspppprssppprprprsrsspsrrpsrppsrsppprrspsrrrspsppprspspppsssprsssrrrrsprprprrssspppsrppsssprsspprrrpprsrsprrrrrrsprsrsrrsrsrrprsrrrsprrrsrssrrrrpsprrrsprspsrssrrrsrprprrrrrspprppppprsrsrsrpp
46,label,46,machine-generated,rppspsssrssppsrpsssrrrpssrssrpprrpssrsrspsppsrprprrrrsprsspprpsrspprrprpprrspspssrsrpppprspprrpppsrrpppprrssrprssrrsppsprrrprssrspsprssspsprssprsrrsprrsrspssrrssrsrpsrrpspsprssppsprrspsssrprsrprsrpsrpprprrrprrpprrprprrpsrpprrrrpssrprsrrprsrrrsprsppsrsrrrspppsrppppprsprpsspssprrrpsrsssrspppsppprsrprs
47,label,47,human-generated,sprsprsrsrsprpsrpsrpsrsrprpsrpsrpsrpsrpsrpsrsrrsprsprpsrpsrpsprpsrpsrpsprsprpsrpsprsprsrsprsprssrsprsprpsrpsprsprpsrpsprsprpsrpsprpsrpsprpsrpsrpsprpsrpsprpsrpsrpsprsrsprpsrpsrpsrpsrpsprsrpsrpsrpsprsrpsprpsrpsprpsrpsprpsrpsprpsrpsprsprpsprsprpsrpsprpsrpsprpsrpsprpsprpsrpsprpsrpsprpsprsprpsprsprpsrpsp
48,label,48,human-generated,rpsprpsprsprpspsppsprpsrppsrpsprpsprpspppsrpsprspprpsrpsprpprpsrpsprpsprsppsprpsrpspsrpspprpsprpsprpsprpsprpsrpsprspppsprpsprsprpspprppsrpspppsrpsprpsprspsprpsprpsrpsprsprpsprpspsprppsprrspsprpsrpprprpsprpsprppsprpsprpsprspspprspprpssrspsprspsprppspsrprpsprsppsrsrpsprpspsprppsrpsprpsprpsprsprsprpsrp
49,label,49,human-generated,sprppsrprpsrpsprrprpsrprsprspsrprspsrprprsprsprsprprrpsrprpsprsprsprprprsrpsprprsrppsrprprpsrpsrprpsprpprspsrpsrprpsprsrprpsrpsrpsprsprpsrpprsprspsprpsrpsrprpsrprpsrpprsprpsrpsrpsprsrprppsrpsprrpspprsprprspsprpsprprppspprsprprpsrprpsprprprspsrpsprpsprpsrpsprsprpsrprpsppsprpsprpsrprpsrpsprsprpsprsrpr
50,label,50,machine-generated,rprspppspspprpprpsrppsrpprprrppssrrppprpspprprppsrrrsssrprsrssrsppsrpspspprsppppprsrrspsrprsprsrppppspppsrrrpppppspssssrprspsppprrpsssrrprpsssspsrppprsrsppprrprpprppppppsrrpprspspprssppppsrsssssrsrppsssrsssrprpprprpppsrspsrsrpsrppprssrpspppsssssrrspspppppprsprsrspprsprprpsssssrssrprsrprrsrsrrsrsrsrr
51,label,51,human-generated,pprsppssspsrsprsrpsppsprsspssprrsssrrrsrspsssssrsssrprrpsprssprrsrrsssrprprrprpsssprprrssprspspssrsrspppsprpsspsspspprppssrprpspsrrsrsrrpspppsrrrpprrsrpspspsrrrrpsprsrsrrsrrsppprrprsrsppsssrrrspsppprprpprsrpssssrsppppsssppssrprpsrrrpspsprprpspssssrppsrssssspssprspprrrsssrsppprrsrrrrprspsrrsrprsprprp
52,label,52,machine-generated,rrrsrrrspsrppsprrppsrrrrppprrssrsrsprspppsrprsrrprpssssssrsssppsrppsssspprrspprprrrsrsrrssppsrspsssrppsrrssrrrrrprpprsspprprprpppssrrrsprppprrpsprrsppsspprrrssprssrsrpprsrpssspsprspspssprprssrpprrspspsprpsrprrrprrrsrsspssspprprsrpppsprsspsrsprprprsrprpssspspsspprrrspspsprpsrprrpsrpsrprsrpprppsrpprsr
53,label,53,human-generated,psprpsprpsprsppsprsprprpsprpsrpsprpsrpsprsprpsprsprpsrpsprpsrpsprsprpsprprsprpsprsprpsprsprpsprsprpsprpsprsprsprpsprpsrpsprsprpsprsprpsprsprpsprspprsprsprsprpsrpsprpsprsprpsprsprpsprpsrpsprpsrpsprpsrpsprsprpsprpsrpsprpsrpsrsprpsprpsrpsprpsprsprpsrpsprpsprsprpsprsprpsprpsrpsprpsrpsprpsrpsprpsprpsrpsp
54,label,54,human-generated,rsrrrsrrsssrrsrsrsrsprrrpsrprppsssrrrpprprpprsppsrrrppprsrrsppspprrsrrsprprrrpppssrsrssrpsrrrpppspsrprrrrssrpsrpsssrspsrsrpsprspsrppprpprrrsppsssspspsppprppsssprppspsrsprsprssrpsrspprsprsrrpprrrrrpsrrrsrrprrsrprrrprprpsppppprrsprsspssppsrspprrrspsrsrpprpssspsrprprpsrrsspprrsprrrrrrpprspsrpprprsrrsrs
55,label,55,machine-generated,srsrsrsspssrpsprsrsrrpsprspprpssssppprrrrpsrrpspsprrssrrsrrrsrssrpsssppssrppprssrrsrpsrrpssssrrpsrrpppsrrssrsssppsppprsrprrrppppppsrrprrppppsppprppspspsrsppppprpsssprssprrspsrrrrrssppsrspsrsssprpsrpprrrspprrprpspsrssssrssrrssrsppspppprrpsprrrrrppsprsrpsrpsprsspsprssrspsspprpsrsprrpssrrprprprssrsspsr
56,label,56,machine-generated,srpprssppsrprspprrsppprrrppprrrsprrspsssrpssrprrprsprrpprssrsrrrpppppspsrprpsppspprspprrprsssprrprspprssrrrrpsprsrprrsspprppssspprrspsprrrsprrsprrsprssprssrsppsspsrrrpspppprsrssprsprrrspsrsrspprrsppprsrspprrpspsppsrsprsspsrrspsrpsspsspsprpsppsrpprrsrpsrsrrpppprsrprrrpprsrprprrpppsrppspsprrssrsprsrps
57,label,57,machine-generated,ssrprrpssrrspsssppppppsprppppsrsprspprspspsprssssrrssprrsprrsprprsspsrrssppsssssrrrrrsrpssrspspsrpsrrrpppssrrpprppprsprpppsrsprsrpppppprsrrspppprrrppsrssssrrsprspspprsrsppprrsrppssrprpssrspprprrppppspssrprrspsrrpsrrrprrsspprrssrpssrssssrsrrsssssprssssprrrsppspspssrrrppsrpsprpsrsppsrppsspspsrsppsrrrr
58,label,58,human-generated,rppppsrrrrppprssprpsprpppsrrsrsrsrppprsrsrpspspsprrppppsrsrsrsppprrsrsrsrppppprssssrsrsrpppprsppprsprpppprsrsrsrsrsrpppspppsrsrsrsrpppppsrsrsrsrpppprpsprsprsprsprppppsssrppppsrrrrppprssprpsprpppsrrsrsrsrppprsrsrpspspsprrppppsrsrsrsppprrsrsrsrppppprssssrsrsrpppprsppprsprpppprsrsrsrsrsrpppspppsrsrsrsr
59,label,59,machine-generated,sssssssprprprprprprprrpspspspspspspspspspspspsprrrrrrrrrrrrrrpspsppspspspspspspspspsprrrrrrrrrrrrrrrrrrrrrrrrrrrrssssssssssssspppppppprprprprprprprprprprprprprprprprprprpppppppprrrrrrrrrrrrrrrrpppppppppprrrrrrrrrrrssssssssprprprprprprprrpspspspspspspspspspspspsprrrrrrrrrrrrrrpspsppspspspspspspspspsp
60,label,60,human-generated,sprsprpsprsprpprprpprpsprpsppsspssssprprprprpspsprpsprprpspsrpsrpsrpsrpsppsrppppprsprsprsrpssssssrrrprprprppsppsprpprprpspspsrpppppsrpspsrpsrpsrpsprsprpsprprrrrrrrpssssspsppspspspsprprpprprprprpsprprprpsprpsrsrsrsrsrpprpsrpsrrssrssrrsrspprsppsrpsrprspsrpsrpsrprsppsrpsrpsrpsrpsrpsrprspsrprspsrpsrpppp
61,label,61,human-generated,sprpsprsprpsprpsrpsprpsrpsprpsrpsprpsrpsprspprsprprprsprpsrprprsprpspspsprpsprpsprpsrppsprsprprpsrprpsrrsrsrsrsprprprprprprprpspspspspspprprrrsprprrpsrprsprpsrprprprrrrrrsprpsprprspsprpsrprpsprsprsprpsprpsprpsrprpsrpspsprpsrprpsrprsprpsprpsrprsprpsrpsrpsrppsrprsprsrpspsrprpsrpsrsprsprsprsprsprsprprs
62,label,62,machine-generated,rprrssspsppsrprsssrpspppsrprpspsrsrppprsrssrssssrssssrrssspsrrrppsprsrrrpsrprpprpprsrppssprssrsrrrpsrprrsprprrrsrsrprsrpspsrrpppsssrrssrrsrpspspppprrsssprsrrpsspsrpspssrrsprrssppppprspsrpsrpsspprrssrrrrrpssrrpppsrspsrrpppsprprsssprpspssrrrrspsprrrsrssrrsspsprpsrprrrprsrrsssrspppssppssrsrrsrspsrrrsrs
63,label,63,human-generated,pprsrsrprpsrsprpprpspsrspprpsrsrsrpsprpsrpsssrprprprprrrrprprprsprssprsppprrrssrsrsrprrsrsrsprpsprsprpspsssssprprprpsprppprppsprpsrsrspprpsprpsrppprpsrpspsrpsprpsrpprrsrsrsrppsrsprpsrsrpssrpsrppsrpsprpsrppsrsrpsrpsprpsprspsssrrsrsprsprpsrpsppprpsprpsssrsrsrspprsrsrprpsrsprpprpspsrspprpsrsrsrpsprpsrp
