label,0,sprspprpsrprppsrpsprpsrpsprrppsrprrpprprsprspspspspspsprpsprpsrprsprspsrprspsrpsrprsprppsrprspsrprprsprsprspsrprsprspsrprsprspsrpsprpsrrpsprpsprpsrpsprpsrprpsprpsrpprsprsprsprsprsprsprsprsprsprsprsprsprsprspsrpsprpsrsprprspssprsrsprrrpsrprsprsprsprsprsprsprspprspsrprprprprprrpprprprprsssssssssssssss
label,1,rssssppssspppprssppppssprsppsssssssrrrrprrpppppsrsspsrrsppsprsprrpsrrsprpssrsprppsrrrspsrppsrsspprrpsrsspsppssprsrssrpsspsrsrsrpsprpspsrprrrprsprrsrssprpprrprprssprpspssrrrpppsrspssrpprprrpsprssrpsprssssrsrpspspsrpsprpsrrrpssprpprpspssrpprrsprspssrrspspsprrrssrpspsppsrsssppprsrrrsppprppsssssrpspppss
label,2,rprssspprpsspppsrrpprprpsrpppsssrrrrrpspprsppprssrpprpprsrpspsrppsspprprpspprppssrpprsspsprpsrppsssrsrssrsspspsrprrrsssppppprrssrsrrsrrrsprrpspppssrpsrrrpprprrspprpprrrrrrsrrrrsrspppssprsspprrpprrspsrrssrpprrpprppspssssrspsrssrsrppprrrsrssprpprrrsppprsrrssrpppppprsprprpsrrpsrprsrpspsrprrrrssssrrprpp
label,3,psrrpsrprrrpprssssrrspprssssssrrspprrrsrssssssprrssssppsrrprsprpspspsrrsprrprrssrsssssrpsprrrsrrprpspprrssssrrpprprppprrsssrsprpsrspppprsrsrrsprsrsrpppprprspprpsppspsprprrsspsprrrppsrsrrrsrprpppprsppsppsrsppprpppsrsrppprpspsssrrprrpppprrrrrrsprrrspppssprsprrrpsssrrrssrrsprsrpspspssrrspsspssprrsrrsrp
label,4,ppspprpsrsrsrprrrspsppsrsssspsprrpsppprsppssspsrpssrprrrrssssppsprsrssrssspsppsssrssspppsrsrpspprspsrspsrrsrppsrrrrpppsrrrprpprpsrrrrprpsrrpsrssspsrprprssprsssprrssrpprrsrpspprprpspsspsprprpprrrsssprrpsrrsppppprpsppsssrprrppsspsspsppsrrspsprpprrpssprpssssrpprrppspprpsspsspspprssrsppprsrprprrrrpsssss
label,5,pprsrrrsspsprpssrpspsssrsssrrpppprpssrpssppprrpsrppsrppsprrspprsrsrpsrspprrrprsrrpssrprsrrpspsprpprssrpsrpspprrspppppsrpspsppssrsrsrsrrppprpsrpspspssssprrpsssssrsrrsssssrpsrspprssrrppspssrsrspspsspssppprrrsrrrsprrpspprssrrpssrrpsrsrspspsrpssrrpprsrpppsppppsprpsrpsspsspprsprppsrrrpsppspsrrrpprsprrrsp
label,6,psprpsprpsprpsrpprpsrppsrspspsprpsprspsrprpsrprspsprprrspsprprssrpsrprpspsrpprspspspsppsrpsprspprpspspprpsrpsprpsrpspprsprsrprpsppsprprrspsrpsrprsprprpspprprspsprppsppsprsprprprpspsppsrpsrprspsrpsrprspprprsppsrprspsprrpsprspsprpsprpsrpspsprpsrprsprspsrprsprpsrprpsprsprprsprsprspprspprsprspsprsprsprs
label,7,ssrsssrrssrsrsrpsrppspssspprssrrrspprppprpsspsprsrprppsssrrsprprrprppsssrrprspprrsssrrsrpprprrpppppppppprrrsssprprsrpprpppsrpsrpprsprprsprpppprrsrssrsrrprrrppprprssprssppppprsrrssrprsrssrrppprsspprpspppppspsppsrpprprssrprprsrrrpprsrspsprspsspprpppsrsprrsspsspsssprpsrpsrpppprsrrrpsrprpprspprprrsprspr
label,8,srprpsrpsrpsrpsrpsprpsrpsprpsrpspppssrrrpsppsrppsprrrspsprprprpspspsprrrpsprprprpsrprpprprsprpsrprpprsprpsrprpsprpsrpsprpsrpsprpsrpspspspspspsprprprpsprprprprprprprpsprprpsrprprpsprsprpsrppsrprprprprprpprprpsprpsprpsprpsrpsprprprprpsrsrprpsprpsrpsprprsprpsprsrprprprpsrpsprpsprsrpsppssprrrpsrsrprpsrp
label,9,rsprpsprsprpsprpsrpsprpsrpsprsprpsprpsrpsprpsrpsprpsrpsprpsprpsrpsprpsprsprpsprpsrpsrsrsrsrpsrppsrpsprpsrpsrprsprpsrpsprpsprppprprpprpsrpsprpsprpsprpsprsprpsprpsprsprpsprpsprpsrpsprpsprpsrpsprpsprpsprsprpsprpsprsprpsprpsrpsprpsprpsrppsrpsprpsprpsprpsprpsrpsprpsprpsrppsprpsrpsprpsprpsrsprpsprpsprpspr
label,10,ssssssssssssssssssssssssssssssssssssppppppppppppppppppppppppppppppppppppppppppppppppppppppppprrrrrrrrrrrrrrrrrrrrrrrrrrrrrrrrrrrrrrrrrrrrrrrrrrrrrrprprprprprprprprprprpspspspspspspspspspspspspspspsprrrrrrrrrrrrrrrrrrrrrrrrrrrrrrrrrrrrrrrrrrrrrrrrrrrrrrrrrrrrrrrrrrrrrrrrrrrrrppppppppppppppppppppppppp
label,11,prpppspppsrpsppsrspssrrrssprrsrrprrpsprrrrrrsrrpspsrpppsrppprssspsrpssrspsrspsrrsrrrpppssspsrprrrpprssspssrppsppspspssprrsrpppsprrprrssprpprrrrssspssppprsprrrssprprsrpssrprprrrpsrspspssrsssspspsrsrrssrpprrpsssprsprrspprpspspppsssrpsrsrsrrpspspsrsspppprrpspprpspsprspppppssrprrrrssspprppsspsrsrspssspp
label,12,prrrprprpppssrpsppsrrrsppsprpssrsprppssrsppsrssrsrsssspsrssspsrsrsrrsrpprrssrprrppspssppsppsrrppprprsrppprppssrrprsrsrsspprsrpprppsspprrsprpsssrrrprsssrsrrsppspsrprrsrrppssprppssssrspssrpsrpsrpssspprrrssrppprpsssssppssprspsssrsrrpsrpsrprssprpppsssppppsprsprsrrrrprrprspsprsrrrssprssspppprpsprrsprprpr
label,13,srpsprpsrpsprpsrpsprsprpsrpsprpsrpsprpsrpsrpsprsprpsrpsrpsprpsrpsrpsprsprpsrpsrpsprpsrpsprsprspprsrpsprsppsrpsrpsprpsrpsrpsprsprpsrpspsrpsprsprpsrpsprsprpsrpsprsprsprpsrpsprsprprsprspsprsprpspsrpsprpsrpsprsprsprpsrpsprpsrprsprspspprsprsprsprsprsppsrprsprspsrprsprprpspsrprspsrprsprsprspsrpprspsrprspr
label,14,rsssprrrrpssprssprrpsrrpppsrppppsrrrrrpppsrrrpppsrrrrpssssrprprprprprspspspsrpsrrpsrpsrpsrpsrpsrpsprsprsprsprsprpsrsprsprsprpppprrrssspsprprpppprssprsprrsssprrrrpssprssprrpsrrpppsrppppsrrrrrpppsrrrpppsrrrrpssssrprprprprprspspspsrpsrrpsrpsrpsrpsrpsrpsprsprsprsprsprpsrsprsprsprpppprrrssspsprprpppprssp
label,15,pspsppprprppssssssppppprrrrrspsrpsrpsprspspsrpsprpsprpppppprrssrrsrsrsrpsprprpprprprprpspspspspspspsssrrsrsrsrprprprsprsprspsrpsprpsrppppprrrrrssssssprsprpsprpsprsprpsprsprpsrpsprsprssrspsprsprppprprprprpspspspspsrpsprpsprsprpsrpsprsppprpsprsrpsprprspspsrspsrpsrpsppspspsppprprppssssssppppprrrrrspsrp
label,16,ppsrppspprpspprpspprppsprpsrpsrsprpsprsprsppsrpsrpspprpspppppsrpsrppsprpsrspsprspprsprpsprspprsrpsprpsprppsrpsprsprpsprpsprprspsprpsrpsprspprspsrprpsrprpspppsprppsppsprpspsprpprpsprpsrpspprspsprpsprsprpsprspprspsprpsppsrpspprpspsprspprpsprsprpspsprsprpsprsprpsprpsprsrppsrpsprsprpsprpspsprpssprpssprp
label,17,ppsprpsrrsssrppppsrsrrrrpprrpsprrssprrrpssppppprsssprppsrpppspsrrprprrsppprsrpspsprrppssrspspsrrppprrprppprprspprsprrrsrpsrssrsssrpspssppssrrppppssrprspprppsprprppsrpspspppppssprspsspsprpppppppssrrrsrrrprsrpspprsrsprpprspsspssrrpssrrrrprrrpsrrpsprsrprpssrprpsrsspspsppprssppppsspspprsspprsrspprpprprp
label,18,pprsprpspprsprpspprprpsprpsprspsprspspprspprrpprpprsprpprsrpsprpsprpsprsprsrprspsprpsrprprpsprpsprsprpsprsprpsprpsrpprsprpsprpsprpsprpsrpsrpsprpsprsprsprpsprpsprpspsrpsrpprsprpsrpsprprprsprpsprpsprsprprppsprpspspsprrsppsrrpprprsrppprpsrppsrprsprprprprprspprrprpprrpsrppsprsprprspsrpsrppsrprpsrpsrpsrp
label,19,rsprrpsprpsrpsrpsrpsrpsrpsrspprsprrpsrpsrpsrpspsrsprsprpsprspppspspspspspsprrprprprprprppspspspspspsprprprprprpspspspsspspsssssspsprprpsrpsprpsrpsrprpsrpsrpsprsprpsprsprpsrpsrpsrpsrpsprpsrpsppsrpsrpsprsprsprpsrprspspsrpsrprspsrpsrpsrpsrpspsrpsrpsrpsprsprsrpsprsrpsrpsprsrpsrpsrprpspsrpsrpspsrprspsrpr
label,20,psrprsrspsrprrsrpprrpprsprsssrspspsrsrsprrsppsrssrprsppssspsrsrssrspssspsspspppprrrrpspsrrpssrsprrppppprpspsrrsrsrsprpssrprsppspprsspsrsprprsrrrprsprrsppssprsrrrprpsrppssppprrrrrsrrprrpppppprprrsrprssrrssrppsrrsprrrrsrpsrsspsrppsrrsrrrssprsspppppspprrspprpssrrpprpsprrrpssprrrspprppppssrprrsssppsrspp
label,21,sprsprpsrpsrpsprpsrpsrpsrpsrpsrpsrpsprsprpsrpsrpsrpsprsprpsrpsrpsrpsprsprpsrpsrpsrpsrpsprpsrpsrpsrpsprpsrpsrpsrpsrpsprsprsprsprpsrpsrpsprsprsprsppsrpsrpsrpsprsprpsrpsrpsrpsrpsprsprpsrpsrpsprsprsprpsrpsrpsprsprpsprsprpsrpsrprpspspsprsprpsrpsrpsprsprpsrpsprsprsprsrpsprsprsprsprsprpsprsprpsrppsrpsrpsrp
label,22,rrsppsppspssspprspsrrspsppprsrrprrpspssprpprrpprrsrsppprssspprpsrrrrprsppprrrprrsspprrsppspsrsrppssrpsrsprrspsssspppsppsrrsrpsprrprrsssppspprpspspsssprpsrspprprrrsrssssppspsssrspspsrsrrssrrsrpspssprpssrrppprrrrrsrrrprpsrrrrpsprpprsprsrrpssprspprssppsppsrpsrrpssssrpprsprrsrrsrsspssrsprrsspppsrpsrsrpp
label,23,psrssrsrrrsrssssspprsssrsppsrssrpsssssrsrprrpspppssprrrssssrrpppsssrsrrrsrssssrssrrrppppsrrssppsspsrsprsssprppsrspsrpprpssrpsppspprrpppprrsrprrssspprssrpsrrspsppssrsrrpppppspssssprrppprsrrssrrsppsspsssprsppsprrprrssrsrprrssrssrpssprrppprsssrrrprpssrrsssrrssrrsrpsprppprrrrsspsrprrsrssppprsrprprrsprpp
label,24,sprsrpsrpsrsprsprsprsrpsrpsrpsrpsrpsrpsrpsrpsrsprsprsprrprprprpspspsprsrpsrpsrpsrpsrpsrprrprprpsprsprsrpsrpsrpsrpsrpsrpsrsprpssprprprprrpsprsprsprsprsprsprsprsprprprprrpsprssrsrsrpsrpsrpsrpsrpsprsprsprsprsprsprsprprprsprpsrsprpspsspsprprprprrprpspsrpsrpprsprsprsprsprpsrpsrpsrpsrsprprrprprpsprsprsprs
label,25,sprpsrpsprpsrpsprpsrppsrpsprpsprpsrppsrpsprpsprpprpprprprprprpprspsppspspsprpprprprpprrpspspspsppsprprprprprpsrpsprpsrpsprpsrpsprpsrpsprpsrppsrpsprpsrpsprpsprsprspsprpsprpsrppsrpsprpsprpsprpsprpsprpsprpsprpsprprprprppspspsppspsprppppprrrrssssspprprpprsprspspsppspsrppsrpsprpsrprpsrpsprpsrpsrpsprpsrps
label,26,srrsrsrsrsrrsrsrsrsrrsrsrsrsrrsrsrsrsrssspsppspspsppssrsrrsspspspspssrrsrsrsrrssrsrspspspspspspssrsrsrsrsrsrsrrsrsrsrsrsrsrrssspppppprprprprpprprprprprprprprprprprprprprpppspsppspspsppspssppspspspspprprpprprprrrsrrsrsrsrrsrsrsrsrsrrsrrsrsrssppssrrsrsrrsrssrsrsrsrrsrrsrsrsrsrrsrsrsrsrrsrsrsrsrrsrsrsr
label,27,pssrprsrrspsrprspsspssprpprprppsspprsrsrrpprssrrrrssprrpprrspprprsrppprssrrsprsrrrppprsppsrssrspspsppprprsrrsrpsrsrrsrrrpssppsprsspsspssprprrrpsspppppsrrrprrppspprrpprppspsrprrrpsrrpsspprssrssprpppssrrrssrppsrsprpsrrrrspsrrsprspprppsppprrrsrprrssssprrppssrrrspprppsssrrsrprrpprrssrrrpsprrrrrprprpsrpr
label,28,psprprpspspsprprprpspspsprprprprrpprrprsssspspspsrprprpsprprpsrpsrprpsrpspsrprprpsrprsprsrpsrpsprspsrprprsprspspspsprprpsprpsrpsprsprpspspsprprprpsprpsrprpspsrpprrrrrpsprpsrpsrpspsprpsrprpsrpsrpsrpsprprsprrpprprprpsrpsrpsprpspsrpsrprppsprsprpsprrrrrrrrrrrrrrrrrrrrrrrsrpsrsrpsrpsprrrpspsprppsprprpsps
label,29,psprpsprpsprpsprpsspsppsprsspspspsprssppprrrrrrrpspspspsppsprpspspsprsprsprspspspsprsprsprsprsppspsrrrprprrppsrpsrsprrrpsrpsprpsprsrpsprpssrpsprspsrpsprpsrpsrppspsprrprppspspsrpppsssppspspspsprpspspprpsprpsprpsprpsprpsspsppsprsspspspsprssppprrrrrrrpspspspsppsprpspspsprsprsprspspspsprsprsprsprsppspsr
label,30,rpssrssppssprsrrprsrppppsrpppsssrpsrssrrsppsspssrpsrspspspsrpssrrprsrrprrprrprrspssprspsssrrssssrsrppprrrrsppprrssrprrpspsssrrrrpssrppprrsssprsssrspsssrssspsprpsrpsprprssrrrrrspsrpsrspssrprrpsrrpprprsrssrpspppsspsprprsrpprssrsrsssrsrspsrsrsprppppsrrsrrsrpspsrrrsrprprspsprspsrspspssrppssprrrsrpprsrsp
label,31,rprpprssprspssprrrprpsrpspsprsrppsrsssprspprrrsrsrrrrprsspssspspsprrprprssprpspppprspsppsrrppprpssrsprprspsppsrrsrrprrppprppprspsrssrsppppspprrssprrrppsrrpprrsssprppprrrpsspssrpsprprprsrppsrrrsrpsssrpsrrrsssrrsspprprsrpsrppsrpsrrrrpspssrssrrrspssssrsppspprpsrrpppsssprrpsspprrspppssrprssrspsssrprrpsp
label,32,prpsprpsrpsprpsprpsprpsrsprpsprsprpsprsprpsprsprpsrpsprsprpsprpsprpsrpsprpsprpsprpsprsprpsprpsprpsprpsrpprsprpsprpsprsprpsprpsprsprpsprpprpsprsprpprpprpsprpsrpsprpsprsprpsrprpsprpsprpsrpsprpsprppsprpprspspsrprpspprpsprpsprspprsprpsprppsrprpsprprpsprpsprpsrpsrprprpsprpsprprsprpspprspprpsrpspprpspsprp
label,33,psprsrppprrsssrprrrprpppssprpprsrrsrsrpprrppssprrrspsprrrppppspsrrpsrrrrrrpprrrpppprrssrrpssspprrpssrrppsssspsrrprrpsrrrprrrssprrsspprppspprspprsppspsrsssrrspprsrrsrsspsrsrpsprprsrrpsspspsrppsrrrsspsssprprppssspppsrpsspprrprppspprsrppprspsrpsspssrsrrssrsrrrppprrpsrsrrppsssrrssrssppsrspsprrprrprrprss
label,34,rppsspppssprprprpsrrpssrpsprspppsrppssrssrppsrsrrsrrprrpprrppppprrppspsrrpprsprrrsppsrrrsprsrprsprrpprrrsspppsrssrsrsrrsppprspspprppppppppspsrrsrsrspspssrsrrsprppssprrssprrpprpssspppsspsrrrppssprppppspsprspsprpprprrspsssrpprrprsrsprssrsrpprrspprspspprrpprsspprsssrpssprspprspsrsrrssrsprrsssssspsspsss
label,35,prpspppspprrsprsrpsrpppsrprsrpsrpppssssssssprprsrrpsrprprprsrrprsssprsrrsppssrppspssrpppppspsrsspsssrprprsrpsrpsrsssprrprrppspprpsrppssspssppprpspsssssrprprsssrsprrsrsprprspssrprsssprsrrsrsssrpsrrprrppssrprprpsrpppprrprsprssppprpsrsssrsprsprssrsrprrrrpspsssrssrprrspsrpsssrrsrpprspsssrsrsrrsrsrpprppr
label,36,srpsprsprpsprsprpsprsprpsrpsprpsrpsprsprpsrpsprpsrpsprpsrpsprsprpsrpsprpsrpsprsprpsrpsprpsprsprpsprsprpsprsprpsrpsprpsrpsprpsrpsprsprpsprsprpsprsprpsprpsprsprpsprpsrpsprpsrpsprpsprpsprsprpsprpsrpsprpsrpsprpsprsprpsprpsrpsprsprpsprpsprpsrpsprpsprpsrpsprpsrpsprpsrpsrpsprpsrpprpsprsprpsrpsprsprpsprpspr
label,37,pspspsspsprprprrprprpspsspssspprrprpprprprprrrrrrpsspssssssssssssssssprrppppppppppppppppprprpspsprpsrpsprpsrpsrpsrsssssssssssrsrsrsrsrrrrrrrrrrrrrrrrrpsspsppssssssppppppppprprpsppspsrpprpsrpsspspssssrsrssrsrpprrrpprrrrprppppprprprsssprprprprpsrrspsrpsrpsrsrsrsrsrspspspspsspsprprprrprprpspsspssspprrp
label,38,prrppspssrsprpprpsprprssssprrrsrprpppspspsrssrprsssrprpsspspsprrrrppprrpssspsprsrspsppprssssssprrpprrrpsprprppsrrspsppsrpsppsrpsrpppsssssrprrsrsprsrssrrrprpssprpsssppsprprssrsrprrrrpsssrrrrpsprsrspprpssspssprrrrppssrrsrsrrsrrspprsrpppsprrrsprrpsrsrpsrsppsprrspspppprpppsrpsprspppprpprppppssppsspppppr
label,39,sprpsrpsrsrprpsprpsrpsprpsrprpsprpsrprsrprprpsrsrsrpsspspsprprsprrprpspsprsrsrsrpsprsprsprpsrpprprprpppspprprspsrsrspspspsprprrsprprrprsprrrrprrsprprpsprprpprpsrppsrpsprpsrpsprpsprpsrpsprpsprppsrpsprpsprprpsprprppsprppsrppsprpspsprpsprpsprprsrsrpsrspsprsrsprpsrspsprpsrpsrsrprpsprpsrpsprpsrprpsprpsrp
label,40,rrrrrrsppppppppppppppppssssssssssssssrppppppppppppppppppppppppppppppppppppppppppppppppppppppppppppsssssssssssssssssssssssssssssssssssssssssssssssssssssssssssssssssssssssssssrrrrrrrrrrrrrprprprprprpprpprprprpprprprprprprppsssspsspspspspspspspppspppsppspprpprprrrrrrrrsrrsrsrsrsrrsrsrsrsrrsrsrrsrsrsrrs
label,41,pprspssrrsssprsrrprspssrprsprppsrsprrppppppspspssrrrprpsrrppsrrssrrrrprpsrpprssrsrpspsrrprspspsspspsppprrppsrprpssrpsppppsrrprsppppppsppssprsspsrrsrprprsrssprssprsssrprsrppsrrrrssrrpsprrprsspppsrpprsrsppsprspsrrrpsprrrrprsprprpssprssrprprsssssrrppsrrrpssssrsssppsrsrpsppprrsspsrsssrsrsrssrssrrrpprsrp
label,42,rpssssrprrssrrrrsppprspppprrrrrprsprsrrrsppsrprsrppppprspsrrrpprrrprsrsspprppprspsppsrrsppppssrppspprsrpspsrrsrrpppspprpsppsrppsspsrsrsrspsrpspspsprprspsspsrssssprsssprpsrprppprrrpprpssssssrprrppsrrprspspspprspsrpssrsrrrrrrrprpsspsrrrssrsprrsprpsrpssrssrrsprsspppssprrrrssprsssrrprprsprppsssssrssrrps
label,43,rspsrpsrpsrpsrpsrpsrpsrpsrsprsprsprpsrpsrpsrsprsprpsrpsrspsprsrpsrpsrpsrpsrpspsrpsrpsrpsrpsrpsrsprpsrpsrpsrsrpsrpsrsrpsssssssprrpsrpsrspssspsspspsspspssprrprprrprpsprspspssssssprrpsprpssrprpssprpspsrpsrpsrpsrprppppprprspspsrpsprsprpsrpsrpsrpsrpsrpsrpsprsrprspspsrpsrpsrpprsrpsprpsrpsrprspsrpsrpsrpsrp
label,44,rrprpsspsssrsrrsrssssspsspsprsrprsrpsrrssprsrspprsrrrrspsspspppssprspsssrsspprpssrsppprsrsrrprprssrrrsrssprspppprssprpppprspppsssrrpssprrrprrrrsprssrsssrspprpppprsrpprrspsprrsprrpprssrprrrsrsspppsprrpprpsrrssrprsrprspspppprsrrppprpssssssssspspppsprsrrprrpsprssprrpsssssprrpspssprrsssrprsprsrrpsprprsp
label,45,spssrrrpppppsppsrprrssssspsrrrrpsspsrspsprrssssrprrsrrrrpsrrrprsrprppppprrsspsprrsrrpprspppspsprspspprsrrrpprrrspppprssppprprprsrsspsrrpsrppsrsppprrspsrrrspsppprspspppsssprsssrrrrsprprprrssspppsrppsssprsspprrrpprsrsprrrrrrsprsrsrrsrsrrprsrrrsprrrsrssrrrrpsprrrsprspsrssrrrsrprprrrrrspprppppprsrsrsrpp
label,46,rppspsssrssppsrpsssrrrpssrssrpprrpssrsrspsppsrprprrrrsprsspprpsrspprrprpprrspspssrsrpppprspprrpppsrrpppprrssrprssrrsppsprrrprssrspsprssspsprssprsrrsprrsrspssrrssrsrpsrrpspsprssppsprrspsssrprsrprsrpsrpprprrrprrpprrprprrpsrpprrrrpssrprsrrprsrrrsprsppsrsrrrspppsrppppprsprpsspssprrrpsrsssrspppsppprsrprs
label,47,sprsprsrsrsprpsrpsrpsrsrprpsrpsrpsrpsrpsrpsrsrrsprsprpsrpsrpsprpsrpsrpsprsprpsrpsprsprsrsprsprssrsprsprpsrpsprsprpsrpsprsprpsrpsprpsrpsprpsrpsrpsprpsrpsprpsrpsrpsprsrsprpsrpsrpsrpsrpsprsrpsrpsrpsprsrpsprpsrpsprpsrpsprpsrpsprpsrpsprsprpsprsprpsrpsprpsrpsprpsrpsprpsprpsrpsprpsrpsprpsprsprpsprsprpsrpsp
label,48,rpsprpsprsprpspsppsprpsrppsrpsprpsprpspppsrpsprspprpsrpsprpprpsrpsprpsprsppsprpsrpspsrpspprpsprpsprpsprpsprpsrpsprspppsprpsprsprpspprppsrpspppsrpsprpsprspsprpsprpsrpsprsprpsprpspsprppsprrspsprpsrpprprpsprpsprppsprpsprpsprspspprspprpssrspsprspsprppspsrprpsprsppsrsrpsprpspsprppsrpsprpsprpsprsprsprpsrp
label,49,sprppsrprpsrpsprrprpsrprsprspsrprspsrprprsprsprsprprrpsrprpsprsprsprprprsrpsprprsrppsrprprpsrpsrprpsprpprspsrpsrprpsprsrprpsrpsrpsprsprpsrpprsprspsprpsrpsrprpsrprpsrpprsprpsrpsrpsprsrprppsrpsprrpspprsprprspsprpsprprppspprsprprpsrprpsprprprspsrpsprpsprpsrpsprsprpsrprpsppsprpsprpsrprpsrpsprsprpsprsrpr
label,50,rprspppspspprpprpsrppsrpprprrppssrrppprpspprprppsrrrsssrprsrssrsppsrpspspprsppppprsrrspsrprsprsrppppspppsrrrpppppspssssrprspsppprrpsssrrprpsssspsrppprsrsppprrprpprppppppsrrpprspspprssppppsrsssssrsrppsssrsssrprpprprpppsrspsrsrpsrppprssrpspppsssssrrspspppppprsprsrspprsprprpsssssrssrprsrprrsrsrrsrsrsrr
label,51,pprsppssspsrsprsrpsppsprsspssprrsssrrrsrspsssssrsssrprrpsprssprrsrrsssrprprrprpsssprprrssprspspssrsrspppsprpsspsspspprppssrprpspsrrsrsrrpspppsrrrpprrsrpspspsrrrrpsprsrsrrsrrsppprrprsrsppsssrrrspsppprprpprsrpssssrsppppsssppssrprpsrrrpspsprprpspssssrppsrssssspssprspprrrsssrsppprrsrrrrprspsrrsrprsprprp
label,52,rrrsrrrspsrppsprrppsrrrrppprrssrsrsprspppsrprsrrprpssssssrsssppsrppsssspprrspprprrrsrsrrssppsrspsssrppsrrssrrrrrprpprsspprprprpppssrrrsprppprrpsprrsppsspprrrssprssrsrpprsrpssspsprspspssprprssrpprrspspsprpsrprrrprrrsrsspssspprprsrpppsprsspsrsprprprsrprpssspspsspprrrspspsprpsrprrpsrpsrprsrpprppsrpprsr
label,53,psprpsprpsprsppsprsprprpsprpsrpsprpsrpsprsprpsprsprpsrpsprpsrpsprsprpsprprsprpsprsprpsprsprpsprsprpsprpsprsprsprpsprpsrpsprsprpsprsprpsprsprpsprspprsprsprsprpsrpsprpsprsprpsprsprpsprpsrpsprpsrpsprpsrpsprsprpsprpsrpsprpsrpsrsprpsprpsrpsprpsprsprpsrpsprpsprsprpsprsprpsprpsrpsprpsrpsprpsrpsprpsprpsrpsp
label,54,rsrrrsrrsssrrsrsrsrsprrrpsrprppsssrrrpprprpprsppsrrrppprsrrsppspprrsrrsprprrrpppssrsrssrpsrrrpppspsrprrrrssrpsrpsssrspsrsrpsprspsrppprpprrrsppsssspspsppprppsssprppspsrsprsprssrpsrspprsprsrrpprrrrrpsrrrsrrprrsrprrrprprpsppppprrsprsspssppsrspprrrspsrsrpprpssspsrprprpsrrsspprrsprrrrrrpprspsrpprprsrrsrs
label,55,srsrsrsspssrpsprsrsrrpsprspprpssssppprrrrpsrrpspsprrssrrsrrrsrssrpsssppssrppprssrrsrpsrrpssssrrpsrrpppsrrssrsssppsppprsrprrrppppppsrrprrppppsppprppspspsrsppppprpsssprssprrspsrrrrrssppsrspsrsssprpsrpprrrspprrprpspsrssssrssrrssrsppspppprrpsprrrrrppsprsrpsrpsprsspsprssrspsspprpsrsprrpssrrprprprssrsspsr
label,56,srpprssppsrprspprrsppprrrppprrrsprrspsssrpssrprrprsprrpprssrsrrrpppppspsrprpsppspprspprrprsssprrprspprssrrrrpsprsrprrsspprppssspprrspsprrrsprrsprrsprssprssrsppsspsrrrpspppprsrssprsprrrspsrsrspprrsppprsrspprrpspsppsrsprsspsrrspsrpsspsspsprpsppsrpprrsrpsrsrrpppprsrprrrpprsrprprrpppsrppspsprrssrsprsrps
label,57,ssrprrpssrrspsssppppppsprppppsrsprspprspspsprssssrrssprrsprrsprprsspsrrssppsssssrrrrrsrpssrspspsrpsrrrpppssrrpprppprsprpppsrsprsrpppppprsrrspppprrrppsrssssrrsprspspprsrsppprrsrppssrprpssrspprprrppppspssrprrspsrrpsrrrprrsspprrssrpssrssssrsrrsssssprssssprrrsppspspssrrrppsrpsprpsrsppsrppsspspsrsppsrrrr
label,58,rppppsrrrrppprssprpsprpppsrrsrsrsrppprsrsrpspspsprrppppsrsrsrsppprrsrsrsrppppprssssrsrsrpppprsppprsprpppprsrsrsrsrsrpppspppsrsrsrsrpppppsrsrsrsrpppprpsprsprsprsprppppsssrppppsrrrrppprssprpsprpppsrrsrsrsrppprsrsrpspspsprrppppsrsrsrsppprrsrsrsrppppprssssrsrsrpppprsppprsprpppprsrsrsrsrsrpppspppsrsrsrsr
label,59,sssssssprprprprprprprrpspspspspspspspspspspspsprrrrrrrrrrrrrrpspsppspspspspspspspspsprrrrrrrrrrrrrrrrrrrrrrrrrrrrssssssssssssspppppppprprprprprprprprprprprprprprprprprprpppppppprrrrrrrrrrrrrrrrpppppppppprrrrrrrrrrrssssssssprprprprprprprrpspspspspspspspspspspspsprrrrrrrrrrrrrrpspsppspspspspspspspspsp
label,60,sprsprpsprsprpprprpprpsprpsppsspssssprprprprpspsprpsprprpspsrpsrpsrpsrpsppsrppppprsprsprsrpssssssrrrprprprppsppsprpprprpspspsrpppppsrpspsrpsrpsrpsprsprpsprprrrrrrrpssssspsppspspspsprprpprprprprpsprprprpsprpsrsrsrsrsrpprpsrpsrrssrssrrsrspprsppsrpsrprspsrpsrpsrprsppsrpsrpsrpsrpsrpsrprspsrprspsrpsrpppp
label,61,sprpsprsprpsprpsrpsprpsrpsprpsrpsprpsrpsprspprsprprprsprpsrprprsprpspspsprpsprpsprpsrppsprsprprpsrprpsrrsrsrsrsprprprprprprprpspspspspspprprrrsprprrpsrprsprpsrprprprrrrrrsprpsprprspsprpsrprpsprsprsprpsprpsprpsrprpsrpspsprpsrprpsrprsprpsprpsrprsprpsrpsrpsrppsrprsprsrpspsrprpsrpsrsprsprsprsprsprsprprs
label,62,rprrssspsppsrprsssrpspppsrprpspsrsrppprsrssrssssrssssrrssspsrrrppsprsrrrpsrprpprpprsrppssprssrsrrrpsrprrsprprrrsrsrprsrpspsrrpppsssrrssrrsrpspspppprrsssprsrrpsspsrpspssrrsprrssppppprspsrpsrpsspprrssrrrrrpssrrpppsrspsrrpppsprprsssprpspssrrrrspsprrrsrssrrsspsprpsrprrrprsrrsssrspppssppssrsrrsrspsrrrsrs
label,63,pprsrsrprpsrsprpprpspsrspprpsrsrsrpsprpsrpsssrprprprprrrrprprprsprssprsppprrrssrsrsrprrsrsrsprpsprsprpspsssssprprprpsprppprppsprpsrsrspprpsprpsrppprpsrpspsrpsprpsrpprrsrsrsrppsrsprpsrsrpssrpsrppsrpsprpsrppsrsrpsrpsprpsprspsssrrsrsprsprpsrpsppprpsprpsssrsrsrspprsrsrprpsrsprpprpspsrspprpsrsrsrpsprpsrp